{"cameraMode":{"drawMode":0,"name":"Shaded","section":"Shading Mode"},"sceneLighting":true,"audioPlay":false,"sceneViewState":{"m_AlwaysRefresh":false,"showFog":true,"showSkybox":true,"showFlares":true,"showImageEffects":true,"showParticleSystems":true,"showVisualEffectGraphs":true,"m_FxEnabled":true},"in2DMode":false,"pivot":{"x":-2.732475996017456,"y":1.7095202207565308,"z":6.622865676879883},"rotation":{"x":-0.025597168132662774,"y":0.13100062310695649,"z":-0.0033045178279280664,"w":-0.9911587834358215},"size":7.9435906410217289,"orthographic":false}